torque,position,velocity,commanded torque,time interval
-0.00021307497809175402,6.5003204345703125,-0.02199922688305378,0.0,0.00034618377685546875
